{"cameraMode":{"drawMode":0,"name":"Shaded","section":"Shading Mode"},"sceneLighting":false,"audioPlay":false,"sceneViewState":{"showFog":true,"showMaterialUpdate":false,"showSkybox":false,"showFlares":true,"showImageEffects":true,"showParticleSystems":true},"in2DMode":false,"pivot":{"x":370.1370544433594,"y":30.338071823120118,"z":378.4315185546875},"rotation":{"x":0.12317200005054474,"y":0.66127610206604,"z":-0.11134187877178192,"w":0.731537401676178},"size":448.19122314453127,"orthographic":false}