{"cameraMode":{"drawMode":0,"name":"Shaded","section":"Shading Mode"},"sceneLighting":true,"audioPlay":false,"sceneViewState":{"showFog":true,"showMaterialUpdate":false,"showSkybox":true,"showFlares":true,"showImageEffects":true,"showParticleSystems":true},"in2DMode":false,"pivot":{"x":392.6518859863281,"y":8.303682327270508,"z":53.20164108276367},"rotation":{"x":0.0627545565366745,"y":0.30600807070732119,"z":0.02027692086994648,"w":-0.9498552680015564},"size":58.520381927490237,"orthographic":false}