{"cameraMode":{"drawMode":0,"name":"Shaded","section":"Shading Mode"},"sceneLighting":true,"audioPlay":false,"sceneViewState":{"showFog":true,"showMaterialUpdate":false,"showSkybox":true,"showFlares":true,"showImageEffects":true,"showParticleSystems":true},"in2DMode":false,"pivot":{"x":390.7070617675781,"y":-13.435530662536621,"z":65.8885498046875},"rotation":{"x":-0.10498008877038956,"y":0.27776631712913515,"z":-0.030438300222158433,"w":-0.9545249938964844},"size":74.5779037475586,"orthographic":false}