{"cameraMode":{"drawMode":0,"name":"Shaded","section":"Shading Mode"},"sceneLighting":false,"audioPlay":false,"sceneViewState":{"showFog":true,"showMaterialUpdate":false,"showSkybox":false,"showFlares":true,"showImageEffects":true,"showParticleSystems":true},"in2DMode":false,"pivot":{"x":-28.97376251220703,"y":-16.60236930847168,"z":23.218978881835939},"rotation":{"x":-0.2276693433523178,"y":0.33276277780532839,"z":-0.08313079178333283,"w":-0.9113316535949707},"size":117.57376861572266,"orthographic":false}