{"cameraMode":{"drawMode":0,"name":"Shaded","section":"Shading Mode"},"sceneLighting":true,"audioPlay":false,"sceneViewState":{"showFog":true,"showMaterialUpdate":false,"showSkybox":false,"showFlares":true,"showImageEffects":true,"showParticleSystems":true},"in2DMode":false,"pivot":{"x":-0.010796546936035157,"y":0.01582479476928711,"z":-0.00215911865234375},"rotation":{"x":0.10678603500127793,"y":-0.37351906299591067,"z":0.0433351956307888,"w":0.9204415678977966},"size":40.010372161865237,"orthographic":false}