{"cameraMode":{"drawMode":0,"name":"Shaded","section":"Shading Mode"},"sceneLighting":false,"audioPlay":false,"sceneViewState":{"showFog":true,"showMaterialUpdate":false,"showSkybox":false,"showFlares":true,"showImageEffects":true,"showParticleSystems":true},"in2DMode":false,"pivot":{"x":11.639026641845704,"y":1.5765931606292725,"z":1.045371174812317},"rotation":{"x":0.0015155086293816567,"y":0.980959951877594,"z":-0.007661062758415937,"w":0.19405587017536164},"size":1.3638250827789307,"orthographic":false}