{"cameraMode":{"drawMode":0,"name":"Shaded","section":"Shading Mode"},"sceneLighting":false,"audioPlay":false,"sceneViewState":{"showFog":true,"showMaterialUpdate":false,"showSkybox":false,"showFlares":true,"showImageEffects":true,"showParticleSystems":true},"in2DMode":false,"pivot":{"x":356.2067565917969,"y":11.28783130645752,"z":302.9770202636719},"rotation":{"x":0.12317200005054474,"y":0.66127610206604,"z":-0.11134187877178192,"w":0.731537401676178},"size":8.13691234588623,"orthographic":false}