{"cameraMode":{"drawMode":0,"name":"Shaded","section":"Shading Mode"},"sceneLighting":true,"audioPlay":false,"sceneViewState":{"showFog":true,"showMaterialUpdate":false,"showSkybox":true,"showFlares":true,"showImageEffects":true,"showParticleSystems":true},"in2DMode":false,"pivot":{"x":315.4896240234375,"y":-42.593231201171878,"z":247.81932067871095},"rotation":{"x":-0.11325681209564209,"y":0.1836898922920227,"z":-0.021309537813067437,"w":-0.9762176275253296},"size":801.7133178710938,"orthographic":false}