{"cameraMode":{"drawMode":0,"name":"Shaded","section":"Shading Mode"},"sceneLighting":true,"audioPlay":false,"sceneViewState":{"showFog":true,"showMaterialUpdate":false,"showSkybox":true,"showFlares":true,"showImageEffects":true,"showParticleSystems":true},"in2DMode":false,"pivot":{"x":429.8999938964844,"y":1.9047555923461915,"z":7.963986396789551},"rotation":{"x":-0.09050469100475311,"y":0.13697940111160279,"z":-0.012568649835884571,"w":-0.98636794090271},"size":10.865724563598633,"orthographic":false}