{"cameraMode":{"drawMode":0,"name":"Shaded","section":"Shading Mode"},"sceneLighting":false,"audioPlay":false,"sceneViewState":{"showFog":true,"showMaterialUpdate":false,"showSkybox":false,"showFlares":true,"showImageEffects":true,"showParticleSystems":true},"in2DMode":false,"pivot":{"x":-7.333987236022949,"y":-0.3423881530761719,"z":4.848358154296875},"rotation":{"x":0.18560895323753358,"y":-0.09065045416355133,"z":0.017198091372847558,"w":0.9782874584197998},"size":36.3799934387207,"orthographic":false}